"taskID","description","reverseCard","comments","discoveryDate","cardNumber","excavatorName","inputBy","userID","imageURL"
65395,"North Cemetery
[...] C. 1911-12
Abydos Dec. 1911.","reverseCard","","","","","Amanda Ford Spora; Susan Magyarody; Denis Antoine",580,"https://www.flickr.com/photos/25459876@N04/22799622160"
65395,"North Cemetery
Plot C. 1911-12
Abydos Dec. 1911","reverseCard","","","","","Amanda Ford Spora; Susan Magyarody; Denis Antoine",658,"https://www.flickr.com/photos/25459876@N04/22799622160"
65395,"North Cemetery. 
Plot C. 1911-12
Abydos Dec. 1911","reverseCard","There was no card number. There was no finder recorded. ","Abydos, 1911","n/a","n/a","Amanda Ford Spora; Susan Magyarody; Denis Antoine",1401,"https://www.flickr.com/photos/25459876@N04/22799622160"
,,,,,,,,,
,,,,,,,,,
65396,"Tomb C.2
Date: Dec. 21
Turba 180 x 60
Body disturbed, remains of wood coffin.","","","","","M. 'Awad.","Amanda Ford Spora; Susan Magyarody; Denis Antoine",580,"https://www.flickr.com/photos/25459876@N04/22987668305"
65396,"Tomb: C2
Turba 180 x 60
Body disturbed, remains of wood coffin.","","No definition of measurements used.","Dec. 21","","M. Awad","Amanda Ford Spora; Susan Magyarody; Denis Antoine",658,"https://www.flickr.com/photos/25459876@N04/22987668305"
65396,"T[....] 180 x 60
body disturbed, remains of 
wood coffin. ","","","21 December 1911-12","C2","M. ' [...}","Amanda Ford Spora; Susan Magyarody; Denis Antoine",1401,"https://www.flickr.com/photos/25459876@N04/22987668305"
,,,,,,,,,
,,,,,,,,,
65397,"","","","","","M. ""Awad","Amanda Ford Spora; Susan Magyarody; Denis Antoine",580,"https://www.flickr.com/photos/25459876@N04/22961625036"
65397,"Tomb: C3
Shaft with superstructure.
Glassware on top in radim.
White ushabti in shaft.","","","Dec. 21st.","","M. Awad","Amanda Ford Spora; Susan Magyarody; Denis Antoine",658,"https://www.flickr.com/photos/25459876@N04/22961625036"
65397,"Shaft with superstructure 
glass ware  on top in [...]
white ushabiti in shaft. 

","","In right margin texts says ""plan""","21 December 1911-12","C3 ","M. ' [...}","Amanda Ford Spora; Susan Magyarody; Denis Antoine",1401,"https://www.flickr.com/photos/25459876@N04/22961625036"
,,,,,,,,,
,,,,,,,,,
65398,"Tomb C.5
Date: Dec. 21
Turba 220 x 70
Body in wood coffin, extended on back, head N-W.
[drawing]","","","","","'Aise","Amanda Ford Spora; Susan Magyarody; Denis Antoine",580,"https://www.flickr.com/photos/25459876@N04/22569296347"
65398,"Tomb: C.5
Turba 220 x 70
Body in wood coffin, extended on back, head N-W.","","Numerical without value.","Dec. 21","","Aise","Amanda Ford Spora; Susan Magyarody; Denis Antoine",658,"https://www.flickr.com/photos/25459876@N04/22569296347"
65398,"T[....] 220 x 70
Body in wood coffin, extended
on back       head N-W","","","21 December 1911-12","C5","'Gise","Amanda Ford Spora; Susan Magyarody; Denis Antoine",1401,"https://www.flickr.com/photos/25459876@N04/22569296347"
,,,,,,,,,
,,,,,,,,,
65399,"Tomb: C6
Date: Dec. 21-22
Shaft with superstructure as shown in plan.
Two ch. to N & two to S.
Upper N.: Wooden kohl stick; Ivory kohl stick (?)
Upper S.: Broken Canopic jar lid head, limestone
Lower N.: Plaster eye from small mask.
Lower S.: Three vases drawn, one of them [...] top; Ushabti head; Sealing in mud of later Dyn scarab; Head rest of wood
Plan","","","","","Sirham","Amanda Ford Spora; Susan Magyarody; Denis Antoine",580,"https://www.flickr.com/photos/25459876@N04/22364900334"
65399,"Tomb: C6
Shaft with superstructure as shown in plan.
Tho. ch. to N & [...] to S.
Upper N :
Wooden kohl sitck
Ivory Kohl stick(?)
Upper S:
Broken Canopic jar lid head, limestone.
Lower N:
Plaster eye from small mask.
Lower S:
Three vases drawn, one of them [...] top.
Ushabti head.
Sealing on mud of [...] [...] scarab.
Head rest of wood.
","","","Dec. 21-22","","Sirhan","Amanda Ford Spora; Susan Magyarody; Denis Antoine",658,"https://www.flickr.com/photos/25459876@N04/22364900334"
65399,"Shaft with superstructure as 
show in plan 
Two ch. to N & two to S.
Upper N
Wooden [...] st[...]
Ivory        ""       ""   (?)
Upper S. 
Broken canopic jar lid head, limestone
Lower N
Plaser eye from small mask
Lower S 
Three vases drawn, are of the [...] top
ushabti head
Sealing  [..]   mud of  [..]   the scarab
head rest of wood ","","in right column text ""plan""","21-22 December 1911-12","C6","Sirhan","Amanda Ford Spora; Susan Magyarody; Denis Antoine",1401,"https://www.flickr.com/photos/25459876@N04/22364900334"
,,,,,,,,,
,,,,,,,,,
65400,"Tomb C7
Date: Dec. 23
Shaft.
N. ch.
7 bl. gl. & 2 white discoid beads
S.","","","","","Kassâm","Amanda Ford Spora; Susan Magyarody; Denis Antoine",580,"https://www.flickr.com/photos/25459876@N04/22998757771"
65400,"Tomb: C7
Shaft
N ch. bl. gl. & 2 white discoid beads.","","","Dec. 23","","Kassim","Amanda Ford Spora; Susan Magyarody; Denis Antoine",658,"https://www.flickr.com/photos/25459876@N04/22998757771"
65400,"Shaft
N. ch
[.] be. gc. & 2 shite disc[...] heads
S. 
","","","23 Decemeber 1911-12","C7","Kassan","Amanda Ford Spora; Susan Magyarody; Denis Antoine",1401,"https://www.flickr.com/photos/25459876@N04/22998757771"
,,,,,,,,,
,,,,,,,,,
65401,"Tomb C9.
Date: Dec. 24
Shaft.
Ch. to S.
Part of wooden figure
Half an ivory bracelet
Piece of stucco sarcophagus
Small dish in upper radîm
One bl. gl. bead","","","","","A. 'Aise","Amanda Ford Spora; Susan Magyarody; Denis Antoine",580,"https://www.flickr.com/photos/25459876@N04/22961622976"
65401,"Tomb: C9
Shaft
Ch. to S
Part of wooden figure
Half an ivory bracelet
Piece of stucco sarcophagus
Small dish in upper radim 
One bl. gl. bead.","","","Dec. 24","","A. Aise","Amanda Ford Spora; Susan Magyarody; Denis Antoine",658,"https://www.flickr.com/photos/25459876@N04/22961622976"
65401,"","","","","","G. ","Amanda Ford Spora; Susan Magyarody; Denis Antoine",1401,"https://www.flickr.com/photos/25459876@N04/22961622976"
,,,,,,,,,
,,,,,,,,,
65402,"Tomb: C11
Date: Dec 24th
[drawing]
Burial of child in wood coffin. Covered with large stones, & big boulder on top. Stones packed in later. Side of coffin on E. side of turba.","","","","","Ahmed Aise","Amanda Ford Spora; Susan Magyarody; Denis Antoine",580,"https://www.flickr.com/photos/25459876@N04/22799618640"
65402,"Tomb: C11
Burial of child in wood coffin. Covered with large stones & big boulder on top. Stones packed in between side of coffin & E side of turba. ","","","Dec. 24th","","Ahmed Aise","Amanda Ford Spora; Susan Magyarody; Denis Antoine",658,"https://www.flickr.com/photos/25459876@N04/22799618640"
65402,"Burial of child in wood coffin. Covered
with large sh[...] & big boulder on top. 
Stones packed in let[...]    Side of coffin s
E. side of tomb.","","","24 December 1911-12","C11","Ahmed Aise","Amanda Ford Spora; Susan Magyarody; Denis Antoine",1401,"https://www.flickr.com/photos/25459876@N04/22799618640"
,,,,,,,,,
,,,,,,,,,
65403,"Tomb: C.12
Date: Dec. 24th
Shaft.
In shaft pieces of black incised pot. & of a plain one.
Pottery bowl.","","","","","M. 'Awad","Amanda Ford Spora; Susan Magyarody; Denis Antoine",580,"https://www.flickr.com/photos/25459876@N04/22595471199"
65403,"Tomb: C12
Shaft.
In shaft pieces of black incised pot & of a plain one.
Pottery bowl.","","","Dec. 24th","","M. Awad","Amanda Ford Spora; Susan Magyarody; Denis Antoine",658,"https://www.flickr.com/photos/25459876@N04/22595471199"
65403,"Shaft.
in shaft pieces of black incised pot.
& of a plain one.
Pottery bowl. ","","","24 December 1911-12","C12","M. 'Gond","Amanda Ford Spora; Susan Magyarody; Denis Antoine",1401,"https://www.flickr.com/photos/25459876@N04/22595471199"
,,,,,,,,,
,,,,,,,,,
65404,"Tomb: C.13
Date: Dec. 25
Turba on the west side of shaft 14, clearly later than it.
Body of old man on back, head to right, extended, legs slightly bent by fall of coffin lid. Each limb wrapped in several thick [...] of coarse linen.
On head a cartonnage head with v. small face, stucco v. thick
Under face an ochre bowl with red rim.
Head local N.","reverseCard","","","","M. 'Awad.","Amanda Ford Spora; Susan Magyarody; Denis Antoine",580,"https://www.flickr.com/photos/25459876@N04/22595470709"
65404,"Tomb: C13
Turba on the west side of shaft 14, clearly later than it.
Body of old man on back, head to right, [...], legs slightly bent by fall of coffin lid. Each limb wrapped in several thicknesses of coarse linen.
On head a cartonnage head with v. small face, stucco v. thick. Under face an ochre bowl with red rim. 
Head loc[...] N.","","","Dec. 25","","M. 'Awad","Amanda Ford Spora; Susan Magyarody; Denis Antoine",658,"https://www.flickr.com/photos/25459876@N04/22595470709"
65404,"","","","25 December 1911-12","C13","M. 'Gwnd","Amanda Ford Spora; Susan Magyarody; Denis Antoine",1401,"https://www.flickr.com/photos/25459876@N04/22595470709"
,,,,,,,,,
,,,,,,,,,
65405,"Tomb: C.21
Date: Dec. 24th
Shaft.
N. ch.
Linen, with fringe
& inscribed band
Glass paste beads, [drawing] white, lemon yellow, brick red, green, blue, also [drawing] 
Late forms [drawings]
Pieces of Ushabtis of light blue glaze, prob. 22nd.","","","","","Kassim","Amanda Ford Spora; Susan Magyarody; Denis Antoine",580,"https://www.flickr.com/photos/25459876@N04/22366473823"
65405,"Tomb: C21
Shaft:
N ch.
Linen, with [...] & [...] [...].
Glass paste beads, white, lemon yellow, brick red, green, blue, also
Late forms.
Pieces of Ushabtis of light blue glaze, prob. 22nd. ","","","Dec. 24th","","Kassim","Amanda Ford Spora; Susan Magyarody; Denis Antoine",658,"https://www.flickr.com/photos/25459876@N04/22366473823"
65405,"Shaft.
N ch. 
Linen, with figure 
& ushabti kind 
glass paste beads,  white, lemon yellow,
brick net, green, blue. also
late forms
Pieces of ushabti's of light blue 
glass, prob. 22nd ","","","24 December 1911-12","C21","Kassim","Amanda Ford Spora; Susan Magyarody; Denis Antoine",1401,"https://www.flickr.com/photos/25459876@N04/22366473823"
,,,,,,,,,
,,,,,,,,,
65406,"Tomb: C51
Date: Dec 21-2
Dynasty xii-xvii
Rect. shaft NW& SE 305 x 120
[drawing]
South chamber. Roof fallen in,  & connected with 52 S2. Plundered, but not completely.
1 ivory wand uninscribed (broken) 1/2 another (hand [...]) hand of a third. Broken alabaster vase [drawing] (drawn). Fragts. of painted wood coffin. Small carnelian scarab. Fragts. of gold leaf. Flat round white beads. Flat round gold beads. 3 drop-shaped crystal? glazed beads.","reverseCard","","","","Sawâq","Amanda Ford Spora; Susan Magyarody; Denis Antoine",580,"https://www.flickr.com/photos/25459876@N04/22366464713"
65406,"Tomb: C51
Rect. shaft. NW & SE, 305 x 190
South chamber. Roof fallen in & connected with 52 S2. Plundered, but not completely. 1 ivory bead uninscribed (broken), ½ another (hand [...]) hand of a thick. Broken alabaster vase (drawn). Frag't of painted wood coffin. Small carnelian scarab. Frag't of gold leaf. Flat round white beads. Flat round gold beads. 3 drop-shaped crystal? glazed beads.","","No measurement values added.","Dec. 21-2","","Sawaq","Amanda Ford Spora; Susan Magyarody; Denis Antoine",658,"https://www.flickr.com/photos/25459876@N04/22366464713"
65406,"R[...] shaft NW & SE 305 x 120
South chamber. North fallen in, & connected 
with S2S2. Plundered, but not completely.
1 ivory wand uninscribed (broken) 1/2 another 
(wand [...]) hand of a thick. Broken
alabaster vase (drawn). [...] of painted 
wood coffin. Small carnelian scarab [...] of 
gold leaf.  Flat round white beads. Flat rounds 
gold beads. 3 drop-shaped crystal? glass beads. 
","","Dynasty xii - xvii","21-2 December 1911-12","C51 ","Sawaq","Amanda Ford Spora; Susan Magyarody; Denis Antoine",1401,"https://www.flickr.com/photos/25459876@N04/22366464713"
,,,,,,,,,
,,,,,,,,,
65407,"Tomb: C52
Date: Dec. 21-2
Dynasty: xii-xviii
Dimensions 285 x 100 x 4.30 (top of N.2) bottom of N1 at 315.
Rect. shaft. NW. & SE. Two chambers to N & two to S. 
[drawing]
Fragts. of painted wooden coffin, ivory wand from shaft.
In S.2. 3 pottery canopic jars without heads or inscriptions; 2 bronze earrings. Chamber much broken in & plundered.
N.2. Too broken for safe working. Two fragts. of decayed wooden coffin.
N.1. 1/2 bricked up. 3 bodies not in position.","reverseCard","","","","Sawaq","Amanda Ford Spora; Susan Magyarody; Denis Antoine",580,"https://www.flickr.com/photos/25459876@N04/22569291937"
65407,"Tomb: C 52:
Dimensions 255 x 100 x 4.30 (top of N.2) between N1 at 315.
Rect. shaft. NW & SE. Two chambers to N & two to S, Frag't of painted wooden coffin & ivory [...] from shaft.
In S2:
3 pottery canopic jars without heads or inscriptions; 2 bronze earrings. Chamber much broken in & plundered.
In N2:
Too broken for safe working. Few frag'ts of decayed wooden coffin.
In N1:
½ bricked up, 3 bodies not in position.","","No measurement values added.","Dec. 21-2","","Sawaq","Amanda Ford Spora; Susan Magyarody; Denis Antoine",658,"https://www.flickr.com/photos/25459876@N04/22569291937"
65407,"Dimensions 285 x 100 x 4.30 (top of N.2) [...] of N1 at 315
R[...] shaft. NW & SE two chambers to N
& two to S. Fragments of painted 
wooden coffin & ivory wand
from shaft.
In S. s. 3 broken canopic jars without heads or 
inscriptions: 3 bronze earrings. Chamber much 
broken in & plundered 
N. 2 too broken for safe working. Few fragments 
of decayed wooden coffin. 
N.1 1/2 bricked up. 3 bodies not in position. ","","dynasty xii- xviii","21-2 December 1911-12","C52","Sawaq","Amanda Ford Spora; Susan Magyarody; Denis Antoine",1401,"https://www.flickr.com/photos/25459876@N04/22569291937"
,,,,,,,,,
,,,,,,,,,
65408,"Fragts. of decayed wood coffin painted. Alabaster kohl pot. Copper tweezers. Series of pottery (drawn).
S.1
Roof broken in & plundered. 3 bodies.
Fragts. of alabaster vase, arm of ivory wand (broken). Fragts. of ivory [...] inlay, small black stone, kohl-pot in white stone base (lid missing). Amethyst scarab (broken). Small carnelian scarab (complete). Alabaster amulet [drawing] (complete). Fragts. of red woolly substance. Flat white, round metal, blue glaze bead.","reverseCard","","","","","Amanda Ford Spora; Susan Magyarody; Denis Antoine",580,"https://www.flickr.com/photos/25459876@N04/22987662705"
65408,"Frag't of decayed wood coffin, painted. Alabaster kohl pot. Copper tweezers. [...] of pottery (drawn).
S1:
Roof broken in & plundered. 3 bodies. Frag't. of alabaster vase, arm of ivory hand (broken). Frag't. of ivory [...] inlay small black stone kohl-pot on white stone base (lid missing). Amethyst scarab (broken), small carnelian scarab (complete).
Alabaster amulet (complete). Frag't. of red woolly substance. Flat, white, round metal & blue glaze bead.","","","","","","Amanda Ford Spora; Susan Magyarody; Denis Antoine",658,"https://www.flickr.com/photos/25459876@N04/22987662705"
65408,"Fragment of decayed wood coffin painted. The broken 
kohl pot: copper [...] [...] of pottery (drawn).
S.1 Roof broken in and plundered. 3 bodies 
fragemtns of alabaster vase, arm of ivory
wand (broken) Fragments of [...] [...] inlay
small black stone kohl- pot m white stone
base (lid missing) Amethyst scarab (broken)
small carnelian scarab (complete)
Alabaster amulet  (complete) Fragments of red 
[...] substance. flat white, round 
metal and blue [...] beads. ","","I imagine this is the reverse of the previous ","n/a","n/a","n/a","Amanda Ford Spora; Susan Magyarody; Denis Antoine",1401,"https://www.flickr.com/photos/25459876@N04/22987662705"
,,,,,,,,,
,,,,,,,,,
65409,"Tomb: C53
Date: Dec. 21-2
Rect. shaft. NW & S.E. Chamber
N & S. Both empty.","reverseCard","","","","Sawâq","Amanda Ford Spora; Susan Magyarody; Denis Antoine",580,"https://www.flickr.com/photos/25459876@N04/22364894834"
65409,"Tomb:. C 53
Rect. shaft: NW & SE chamber
N & S, broken, empty.","","","Dec. 21-2","","Sawaq","Amanda Ford Spora; Susan Magyarody; Denis Antoine",658,"https://www.flickr.com/photos/25459876@N04/22364894834"
65409,"R[...] shaft. NW & SE Chamber 
N & S   Bot[..]   Empty ","","","21-2 December 1911-12","C53","Sawaq","Amanda Ford Spora; Susan Magyarody; Denis Antoine",1401,"https://www.flickr.com/photos/25459876@N04/22364894834"
,,,,,,,,,
,,,,,,,,,
65410,"Tomb: C54
Date: Dec 24th
Rect. shaft NW. & S.E. Thoroughly plundered.
N.2 Pieces of oval & oblong bl. gl. inlay. Fragts. of painted wood coffin. [drawing]. Worked flint flake. Small pot [drawing].
N.1. Completley empty.","","","","","Sawaq","Amanda Ford Spora; Susan Magyarody; Denis Antoine",580,"https://www.flickr.com/photos/25459876@N04/22364894484"
65410,"Tomb: C 54:
Rect. shaft NW & SE. Thoroughly plundered.
N2: Pieces of oval & oblong & bl. gl. inaly. Frag'ts. of painted wood coffin.
Worked flint flakes.
Small pot,
N1: Completely empty.","","","Dec. 24th","","Sawaq","Amanda Ford Spora; Susan Magyarody; Denis Antoine",658,"https://www.flickr.com/photos/25459876@N04/22364894484"
65410,"[...] shaft. NW & SE Thoroughly plunered
N.2 Pieces of oval [...] & [..] [..] inlay. Fragemtns of 
painted wooden coffin. 
worked flint flake
small pot
N.1. Completely empty
","","","24 December 1911","C54","Sawaq","Amanda Ford Spora; Susan Magyarody; Denis Antoine",1401,"https://www.flickr.com/photos/25459876@N04/22364894484"
,,,,,,,,,
,,,,,,,,,
65411,"","","","Tomb: C55","","Sawaq","Amanda Ford Spora; Susan Magyarody; Denis Antoine",580,"https://www.flickr.com/photos/25459876@N04/22569332688"
65411,"Tomb: C 55:
Rect. Shaft: NW & SE
Both chambers empty.","","","Dec. 24th","","Sawaq","Amanda Ford Spora; Susan Magyarody; Denis Antoine",658,"https://www.flickr.com/photos/25459876@N04/22569332688"
65411,"[...] shaft NW & SE
Both chambers empty ","","","24 December 1911","C55","Sawaq","Amanda Ford Spora; Susan Magyarody; Denis Antoine",1401,"https://www.flickr.com/photos/25459876@N04/22569332688"
,,,,,,,,,
,,,,,,,,,
65412,"Tomb: C56
Date: Dec 24th
Rect. shaft. NW. 1 SE. out of shaft
unbaked mud dish in fragts. with thin painted white lines.
Out of S. Chamber incised black-topped ""Pan"" pot in fragts.
North chamber completely empty?","","","","","Sowag.","Amanda Ford Spora; Susan Magyarody; Denis Antoine",580,"https://www.flickr.com/photos/25459876@N04/22961616396"
65412,"Tomb: C 56:
Rect. shaft: NW & SE out of shaft: Unbaked mud dish in frag'ts. with thin painted white lines.
Out of S chamber: incised black-topped ""Pen"" pot in frag'ts.
North chamber completely empty.","","","Dec. 24th","","Sawaq","Amanda Ford Spora; Susan Magyarody; Denis Antoine",658,"https://www.flickr.com/photos/25459876@N04/22961616396"
65412,"[...] shaft. NW & SE. out of shaft 
unbaked mud dish in fragment with thin
painted white lines.
Out of S chamber incised black topped 
""pen"" pots in fragments 
North chamber completely empty","","","24 December 1911-12","C56","Sawaq","Amanda Ford Spora; Susan Magyarody; Denis Antoine",1401,"https://www.flickr.com/photos/25459876@N04/22961616396"
,,,,,,,,,
,,,,,,,,,
65413,"Tomb: C62
Date: Dec. 23
Broad shaft, with fine bricking. At the bottom bricked on 3 sides to hold back the gebel.
Chamber of large size but much broken, to S. for finds.
Small piece of gold foil in shaft.","","","","","Waris.","Amanda Ford Spora; Susan Magyarody; Denis Antoine",580,"https://www.flickr.com/photos/25459876@N04/22364892444"
65413,"Tomb: C 62:
Broad shaft, with fine bricking. At the bottom bricked on 3 sides to hold back the gebel.
Chamber of large size but much broke, to S no finds.
Small piece of gold foil in shaft.","","","Dec. 23","","Waris","Amanda Ford Spora; Susan Magyarody; Denis Antoine",658,"https://www.flickr.com/photos/25459876@N04/22364892444"
65413,"Broad shaft, with fine bricking 
at the bottom bricked as 3 sides 
to hold back the gebel 
Chamber of large size but much 
broken, to S. No fings
small piece of gold foil
in shaft. ","","","23 Decemeber 1911-12","C62","Waris ","Amanda Ford Spora; Susan Magyarody; Denis Antoine",1401,"https://www.flickr.com/photos/25459876@N04/22364892444"
,,,,,,,,,
,,,,,,,,,
65414,"Tomb: C63
Date: Dec. 21-2
Rect. shaft 270 x 100 x 350
52° W. of N.
two ch. at bottom, one to N, one to S.
South ch. 220 x 100 x 95. one ochre bowl, few white discoid beads.
North ch. 215 x 100 x 95. empty
In the shaft several vases.
Sectn.","","","","","Wâris","Amanda Ford Spora; Susan Magyarody; Denis Antoine",580,"https://www.flickr.com/photos/25459876@N04/22364892014"
65414,"Tomb: C 63:
Rect. shaft: 270 x 100 x 300, 52° W of N.
Two ch. at bottom, one to N, one to S.
South ch.: 220 x 100 x 95.
One ochre bowl, few white discoid beads.
N ch.: 215 x 100 x 95
Empty.
In the shaft several vases.","","No measurement values added.","Dec. 21-2","","Waris","Amanda Ford Spora; Susan Magyarody; Denis Antoine",658,"https://www.flickr.com/photos/25459876@N04/22364892014"
65414,"[...] shaft 270 x 100 x 350
52 [degrees] W of N
two ch. at bottom, are to N, one to S.
South ch. 220 x 100 x 95
one och[..] bowl, few white discoloured beads.
North ch. 215 x 100 x 95
empty
In the shaft several vases. ","","text in right margin ""S[..]","21-2 December 1911-12","C63","Waris","Amanda Ford Spora; Susan Magyarody; Denis Antoine",1401,"https://www.flickr.com/photos/25459876@N04/22364892014"
,,,,,,,,,
,,,,,,,,,
65415,"Tomb: C64.
Date: Dec. 23
Shaft. In the shaft near bottom many white discoid beads, dark blue barrel-shaped, & a few light blue glaze
N. Ch. a Pan-pot & a bowl of pottery & part of a 'flint-stand'
S. ch. Thoroughly plundered. Fragts. of painted wood coffin belonging to [hieroglyphs].","reverseCard","","","","Hilâl","Amanda Ford Spora; Susan Magyarody; Denis Antoine",580,"https://www.flickr.com/photos/25459876@N04/22366468093"
65415,"Tomb: C 64
Shaft
In the shaft neat bottom many white discoid beads, dark blue [...]-shaped, & a few light blue glaze.
N ch.:
a Pan-pot & a bowl of p[...] & part of a 'flint-stand'.
s ch.:
Thoroughly plundered. Frag'ts. of painted wood coffin belonging to [hieroglyph].","","","Dec. 23","","Hilal","Amanda Ford Spora; Susan Magyarody; Denis Antoine",658,"https://www.flickr.com/photos/25459876@N04/22366468093"
65415,"Shaft. 
in the shaft near bottom many 
white discoloured beads, [...] blue faience
shapes, & a few light blue glass
N.ch.
a par-pet & a bowl of pottery 
& part of a flint stand 
S. ch Thoroughly plundered.  Fragments of painted 
wood coffin belonging to [hieroglyps ... htp]","","","23 Decemeber 1911-12","C64","Hilab","Amanda Ford Spora; Susan Magyarody; Denis Antoine",1401,"https://www.flickr.com/photos/25459876@N04/22366468093"
,,,,,,,,,
,,,,,,,,,
65416,"Tomb: C65
Date: Dec. 23
Shaft.
Ch. to N & S.","reverseCard","","","","M. Khalîfa.","Amanda Ford Spora; Susan Magyarody; Denis Antoine",580,"https://www.flickr.com/photos/25459876@N04/22569285947"
65416,"Tomb: C 65
Shaft: ch. to N & S.","","","Dec. 23","","M. Khalifa","Amanda Ford Spora; Susan Magyarody; Denis Antoine",658,"https://www.flickr.com/photos/25459876@N04/22569285947"
65416,"Shaft.
Ch. to N & S. ","","","23 Decemeber 1911-12","C65","M. Khalitw","Amanda Ford Spora; Susan Magyarody; Denis Antoine",1401,"https://www.flickr.com/photos/25459876@N04/22569285947"
,,,,,,,,,
,,,,,,,,,
65417,"Tomb: C66
Date: Dec. 24-5
Shaft. ch. to S. only.
2 sarcophagi with blue hieroglyphs badly disturbed
vases drawn, white spated etc.
One of the sarcoph. has name of owner filled in in hieratic.","reverseCard","","","","Mbarak.","Amanda Ford Spora; Susan Magyarody; Denis Antoine",580,"https://www.flickr.com/photos/25459876@N04/22569285377"
65417,"Tomb: C 66:
Shaft. ch. to S only
2 sarcophagi with blue hieroglyphs badly disturbed. Vases drawn, white spotted etd.
One of the sarcophagi has name of owner filled in in hieratic.","","","Dec. 24-5","","Imbarak","Amanda Ford Spora; Susan Magyarody; Denis Antoine",658,"https://www.flickr.com/photos/25459876@N04/22569285377"
65417,"Shaft. ch to S only
2 sarcophagi with blue hieroglyphs 
body disturbed
vases drawn, white spotted etc.
[crossed out text]
one of the sarcophagi has name of 
owner filled in in hieratic","","","24-5 Decemeber 1911-12","C66","[..] banala","Amanda Ford Spora; Susan Magyarody; Denis Antoine",1401,"https://www.flickr.com/photos/25459876@N04/22569285377"
,,,,,,,,,
,,,,,,,,,
65418,"Tomb: C71
Date: Dec. 21st
A low circular structure as planned [drawing]
both of wall 16. ht. of wall above dalslsa 25
A dalslsa surrounded by low wall
Broken vase on dalslsa as shown.","","Not sure about the ""dalslsa"".","","","Hilâl","Amanda Ford Spora; Susan Magyarody; Denis Antoine",580,"https://www.flickr.com/photos/25459876@N04/22987656565"
65418,"Tomb: C 71:
A low circular structure as planned. Both of wall 16. Rt. of wall above d[...] 25. 
N 37 W.
A d[...]surrounded by low wall. Broken vases on d[...] as shown.","","","Dec. 21st.","","Hilal","Amanda Ford Spora; Susan Magyarody; Denis Antoine",658,"https://www.flickr.com/photos/25459876@N04/22987656565"
65418,"A low circulsar structure as [..]
both of all 16                   N. 37. W
Ht of wall above              Both N-S 137
alabaster 25                    both E -W 156

a alabaster surrounded by low wall
Broken vase of alabaster as shown ","","text in right margin ""plan photo""","21 December 1911-12","C71","Hilal","Amanda Ford Spora; Susan Magyarody; Denis Antoine",1401,"https://www.flickr.com/photos/25459876@N04/22987656565"
,,,,,,,,,
,,,,,,,,,
65419,"Tomb: C72
Date: Dec. 22
Turba north of 71.
Body extended, a little on left side in wood coffin head N. 22° W.
No finds.","","","","","Mbarak","Amanda Ford Spora; Susan Magyarody; Denis Antoine",580,"https://www.flickr.com/photos/25459876@N04/22961612316"
65419,"Tomb: C 72:
Turba north of 71.
Body extended, a little on left side in wood coffin, head N 22° W. No finds.","","","Dec. 22","","Mbarak","Amanda Ford Spora; Susan Magyarody; Denis Antoine",658,"https://www.flickr.com/photos/25459876@N04/22961612316"
65419,"Tomb north of 71
Body extended a little on left
side in wood coffin head N. 22 degrees W
no finds
","","","22 Decemeber 1911-12","C72","Mbanala","Amanda Ford Spora; Susan Magyarody; Denis Antoine",1401,"https://www.flickr.com/photos/25459876@N04/22961612316"
,,,,,,,,,
,,,,,,,,,
65420,"Tomb: C73
Date: Dec. 22
Round structure originally surrounded by 4 others.
See plan.
Plan","","","","","Mbarak.","Amanda Ford Spora; Susan Magyarody; Denis Antoine",580,"https://www.flickr.com/photos/25459876@N04/22595460369"
65420,"Tomb: C 73:
Round structure originally surrounded by 4 others, See plan.","","","Dec. 22","","Mbarak","Amanda Ford Spora; Susan Magyarody; Denis Antoine",658,"https://www.flickr.com/photos/25459876@N04/22595460369"
65420,"Round structure oringally 
surrounded by 4 others.
See pea[..]","","in right margin text ""plan""","22 Decemeber 1911-12","C73","Mbanala","Amanda Ford Spora; Susan Magyarody; Denis Antoine",1401,"https://www.flickr.com/photos/25459876@N04/22595460369"
,,,,,,,,,
,,,,,,,,,
65421,"Tomb: C74
Dec 23
Dynasty: ?
Much disturbed body. Extended burial in wood coffin. NW & S.E.
[drawing]
Two bl. gl. beads. [drawing]","","","","","Umbarrak.","Amanda Ford Spora; Susan Magyarody; Denis Antoine",580,"https://www.flickr.com/photos/25459876@N04/22961633186"
65421,"Tomb: C 74:
Much disturbed body. Extended burial in wood coffin. NW & SE. 
Two bl gl. beads.","","","Dec. 23","","Umbarak","Amanda Ford Spora; Susan Magyarody; Denis Antoine",658,"https://www.flickr.com/photos/25459876@N04/22961633186"
65421,"Much disturbed body. Extended burial 
in wood coffin. NW & SE
Two bl. gl. beads. ","","","23 December 1911","C74","Umbarak","Amanda Ford Spora; Susan Magyarody; Denis Antoine",1401,"https://www.flickr.com/photos/25459876@N04/22961633186"
,,,,,,,,,
,,,,,,,,,
65422,"Tomb: C75
Date: Dec. 23
Turba
Child extended, head N.
[drawings]
2 beads of stone
The vases stood 30 cm. above coffin & may not belong to burial
B might belong to 76.
[drawings]","","","","","Sammân","Amanda Ford Spora; Susan Magyarody; Denis Antoine",580,"https://www.flickr.com/photos/25459876@N04/22595481389"
65422,"Tomb: C 75:
Turba.
Child extended, head N.
The vases stood 30 cm. above coffin & may not belong to burial. B might belong to 76.","","","Dec. 23","","Sammam","Amanda Ford Spora; Susan Magyarody; Denis Antoine",658,"https://www.flickr.com/photos/25459876@N04/22595481389"
65422,"Tomb
Child extended, head N
2 beads of stone
The vases stood 30 cm. above coffin
and may not belong to burial 
B might belong to [..]","","","23 Decemeber 1911-12","C75","Samman","Amanda Ford Spora; Susan Magyarody; Denis Antoine",1401,"https://www.flickr.com/photos/25459876@N04/22595481389"
,,,,,,,,,
,,,,,,,,,
65423,"Tomb: C76
Date: Dec 23rd.
Dynasty: xii-xviii
Body (female) lying on back right leg slightly bent under left. Lying S.W.  N.E. Head to right. On right upper arm 2 strings of beads, one flat white, one small round black; ditto on r. forearm. On finger, ring of minute blue lge beads.
Left upper arm same as right. Nothing on forearm. Ring on finger of minute black glaze beads. Round neck 3 necklaces a) Flat white beads, with alabaster pendant b) Larger dark & light blue glaze beads
[drawing]","","","","","","Amanda Ford Spora; Susan Magyarody; Denis Antoine",580,"https://www.flickr.com/photos/25459876@N04/22364908514"
65423,"Tomb: C 76:
Body (female symbol) on back right leg slightly bent under left. Lying SW to NE. Head to right. On right upper arm 2 strings of beads, one flat white, one small round black; ditto on R forearm. On finger, ring of minute blue glaze beads. Left upper arm same as right. Nothing on forearm. Ring on finger of minute blue glaze beads. Round neck 3 necklaces: 
a) Flat white beads, with alabaster pendant.
b) Larger dark-blue & light blue glaze beads. ","","","Dec. 28th","","","Amanda Ford Spora; Susan Magyarody; Denis Antoine",658,"https://www.flickr.com/photos/25459876@N04/22364908514"
65423,"Both [female symbol] lying on back right leg slightly
bend under left. lying SW & NE. Head
to right on right upper arm 2 strings 
of beads, one flat white, one small round 
lack; ditto on [..] for[...] one finger
ring of minute blue [..] beads
left upper arm same as right. nothing 
[...] Ring on finger of [...]
black [...] beads. Round [...] [...] 
a flat white beds, with alabaster pendant 
of jasper dark blue and light blue [..] beads ","","dynasty xii - xviii","28 December 1911","","n/a","Amanda Ford Spora; Susan Magyarody; Denis Antoine",1401,"https://www.flickr.com/photos/25459876@N04/22364908514"
,,,,,,,,,
,,,,,,,,,
65424,"threaded alternately. c) Smaller black blue glaze beads threaded in proportion of about 8 black to one blue. pendant [drawing] of blue glaze crystal (?) brokeb.
At each ear six small blue glaze flat beads.","","","","","","Amanda Ford Spora; Susan Magyarody; Denis Antoine",580,"https://www.flickr.com/photos/25459876@N04/22569302837"
65424,"Threaded alternately.
c) Small black & blue glaze beads threaded in proportion of about 8 black to one blue. Pendant of blue glaze crystal?, broken.
At each ear six small blue glaze flat beads.","","","","","","Amanda Ford Spora; Susan Magyarody; Denis Antoine",658,"https://www.flickr.com/photos/25459876@N04/22569302837"
65424,"Threaded att[...] c/o smaller black and 
blue glass beads threaded in proportion of almost
and balck to one blue. pendant of blue glass
crystal(?) broken
at each [..] six small blue glass flat beads. ","","assume reverse of previous card ","n/a","n/a","n/a","Amanda Ford Spora; Susan Magyarody; Denis Antoine",1401,"https://www.flickr.com/photos/25459876@N04/22569302837"
,,,,,,,,,
,,,,,,,,,
65425,"Tomb: C77
Date: Dec. 23
Turba distubed, head N
A few white discoid beads.","","","","","Ali 'Etman","Amanda Ford Spora; Susan Magyarody; Denis Antoine",580,"https://www.flickr.com/photos/25459876@N04/22366483593"
65425,"Tomb: C 77:
Turba disturbed, head N.
A few white discoid beads.
","reverseCard","","Dec. 23","","Ali Etman","Amanda Ford Spora; Susan Magyarody; Denis Antoine",658,"https://www.flickr.com/photos/25459876@N04/22366483593"
65425,"Tomb disturbed, head N
A few white discoloured beads. ","reverseCard","","23 Decemeber 1911-12","C77","'Ali 'El-man","Amanda Ford Spora; Susan Magyarody; Denis Antoine",1401,"https://www.flickr.com/photos/25459876@N04/22366483593"
65425,"turb disterbed, hend IV a fex white discaid head ","reverseCard","","1911","C77","","Amanda Ford Spora; Susan Magyarody; Denis Antoine",,"https://www.flickr.com/photos/25459876@N04/22366483593"
,,,,,,,,,
,,,,,,,,,
65426,"Tomb: C78
Date: Dec. 24
Body in wood coffin, head N, much disturbed.
This lay 30 cm. from top of a broad shaft which ran blind below it.","","","","","Mbarak","Susan Magyarody; Denis Antoine",580,"https://www.flickr.com/photos/25459876@N04/22366483133"
65426,"Tomb: C 78:
Body in wood coffin, head N, much disturbed.
This lay 30 cm from top of a broad shaft which ran behind below it.","","","Dec.24","","Umbarak","Susan Magyarody; Denis Antoine",658,"https://www.flickr.com/photos/25459876@N04/22366483133"
65426,"Body in wood coffin,hand N much disturbed.This lay 30 cm  from tops a board shups which rain behind below it.","","","december 24","C78","Ambarak","Susan Magyarody; Denis Antoine",,"https://www.flickr.com/photos/25459876@N04/22366483133"
,,,,,,,,,
,,,,,,,,,
65427,"Tomb: C79
Date: Dec. 24
Turba under the south of shaft walls 81 & 82.
body extended on l. side head to E.
[drawing]","","","","","","Susan Magyarody; Denis Antoine",580,"https://www.flickr.com/photos/25459876@N04/22569301457"
65427,"Tomb: C 79:
Turba under the south of shaft walls 81 & 82.
Body extended on L side, head to E.","","","Dec. 24","","","Susan Magyarody; Denis Antoine",658,"https://www.flickr.com/photos/25459876@N04/22569301457"
65427,"Turbn under the senth 7 shupt wills 81 and 82 body extendes a l.side hend to 3","","","December 24 ","C79","","Susan Magyarody; Denis Antoine",,"https://www.flickr.com/photos/25459876@N04/22569301457"
,,,,,,,,,
,,,,,,,,,
65428,"Tomb: C.81
Date: Dec. 28-30
Dynasty: =X.40. 1911.
A large hôsh with mastaba & shaft & ramp leading down to ""garden"" (No. 73), planned last year.
Near it a series of mastabas (planned) some with turbas, some with shafts are plan.
[drawing]
Both empty.
Note mastaba 82 was in place before the ramp was built, for its white plaster runs all round, while the ramp is not plastered at this point 
see over
","","","","","","Amanda Ford Spora; Susan Magyarody; Denis Antoine",580,"https://www.flickr.com/photos/25459876@N04/22364905574"
65428,"Tomb: C 81:
A large kush with mastaba & shaft & ramp leading down to ""garden"" (No. 73), planned last year.
Near it a series of mastabas (pl[...]) some with turbas, some with shafts are [...].
Note mastaba 82 was in place before the ramp was built, for its white plaster was all round, while the ramp is not plastered at this point. See over -","","","Dec. 28-30","","","Amanda Ford Spora; Susan Magyarody; Denis Antoine",658,"https://www.flickr.com/photos/25459876@N04/22364905574"
65428,"A large [...] mastaba & 
shaft & ramp leading down to 
""garden"" (no. 73), [....] last year. 
[...] it a series of mastabas
[(....)] same with tombs, same with
shafts are [...] 
Note mastaba 82
was in peace before the 
ramp was built, for its 
white plaster was all
round, while the ramp
is not fastened at this 
point see over 
Both empty","reverseCard","","28-30 December 1911-12","C81= 40 1911","n/a","Amanda Ford Spora; Susan Magyarody; Denis Antoine",1401,"https://www.flickr.com/photos/25459876@N04/22364905574"
,,,,,,,,,
,,,,,,,,,
65429,"[plan]
Note that ramp was added to [...] after the latter was plastered white.","","","","","","Amanda Ford Spora; Susan Magyarody; Denis Antoine",580,"https://www.flickr.com/photos/25459876@N04/22595477569"
65429,"White plaster of mastaba.
Dirt & sand
Later white plaster, ie. that of ramp.
Note that ramp was added to kush after the latter was plastered white.","","","","","","Amanda Ford Spora; Susan Magyarody; Denis Antoine",658,"https://www.flickr.com/photos/25459876@N04/22595477569"
65429,"Ramp    Mastaba
                82
White plaster of 
most [..]
Dirt & sand 
Later white plaster
e.g that up Ramp.
Note that ramp was added 
to [...] after the latter was 
plastered white. ","","","n/a","n/a","n/a","Amanda Ford Spora; Susan Magyarody; Denis Antoine",1401,"https://www.flickr.com/photos/25459876@N04/22595477569"
,,,,,,,,,
,,,,,,,,,
65430,"Tomb: C84
Date: Dec. 28
Shaft near 81. See plan
Ch. to S. badly distubed.
In shaft Pieces of small stucco face & ears
Piece of green paste pot (no glaze)
Fine semi transparent white pebble
White discoid shell beads & 1 bl. gl. discoid
two objs of mud
[drawings]
Over","","","","","","Amanda Ford Spora; Susan Magyarody; Denis Antoine",580,"https://www.flickr.com/photos/25459876@N04/22569343028"
65430,"Tomb: C 84:
Shaft near 81. See plan.
Ch. to S.
body disturbed.
In shaft, pieces of small stucco face & ears. Piece of green paste pot (no glaze). Fine semi-transparent white pebble.
White discoid shell beads, & blue gl. discoid.
OVER","","","Dec. 28","","","Amanda Ford Spora; Susan Magyarody; Denis Antoine",658,"https://www.flickr.com/photos/25459876@N04/22569343028"
65430,"Shaft near 81. see plan
Ch to S.
badly disturbed 
In shaft pieces of small stucco face & eves
Piece of green paste [...] (no glase)
fine semi transparent white pebble 
White discoloured shell bead & 1 b[..] jl. discoloured
this [...] of mud 
[ all 
4 sides 

OVER ","","","28 December 1911-12","C84","n/a","Amanda Ford Spora; Susan Magyarody; Denis Antoine",1401,"https://www.flickr.com/photos/25459876@N04/22569343028"
,,,,,,,,,
,,,,,,,,,
65431,"[drawing] green & blue glaze bead.
piece of white spot red ware.","","","","","","Amanda Ford Spora; Susan Magyarody; Denis Antoine",580,"https://www.flickr.com/photos/25459876@N04/22799623580"
65431,"Green & blue glaze bead.
Piece of white [...] red ware.","","","","","","Amanda Ford Spora; Susan Magyarody; Denis Antoine",658,"https://www.flickr.com/photos/25459876@N04/22799623580"
65431,"green & blue glase bead.
piece of white ope[..] red ware. ","","","n/a","n/a","n/a","Amanda Ford Spora; Susan Magyarody; Denis Antoine",1401,"https://www.flickr.com/photos/25459876@N04/22799623580"
,,,,,,,,,
,,,,,,,,,
65432,"Tomb: C91
Date: Dec. 25
Shaft.
2 lower ch. to N & S. fall of rock prevented working
1 upper to S. Piece of red ware with black rim; Piece of small stucco face; Wood kohl stick; Beads (1) White discoid (2) [drawing] glaze, light & dark blue similar to the smaller beads of 76.","","","","","M. Khalifa","Amanda Ford Spora; Susan Magyarody; Denis Antoine",580,"https://www.flickr.com/photos/25459876@N04/22799623290"
65432,"Tomb: C 91:
Shaft:
2 lower ch. to N & S.
Fall of rocks prevented working.
1 Upper to S:
Piece of red ware with black rim.
Piece of small stucco face.
Wood kohl stick.
Beads:
1) white discoid
2) glaze, light & dark blue, similar to the smaller beads of 76.","","","Dec. 25","","M. Khalifa","Amanda Ford Spora; Susan Magyarody; Denis Antoine",658,"https://www.flickr.com/photos/25459876@N04/22799623290"
65432,"Shaft
2 lower ch. to N & S
face of [....] prevented wal[...]
1 upper to S.
Piece of red ware with [....] rim
Piece of small stucco face
Wo[...] kohl stick
Beads
1. White discoloured
2. glase, light & dark blue
similar to the smaller 
beads of 76","","","25 Dec","C91","M. Khalifn","Amanda Ford Spora; Susan Magyarody; Denis Antoine",1401,"https://www.flickr.com/photos/25459876@N04/22799623290"
,,,,,,,,,
,,,,,,,,,
65433,"Tomb: C94
Date: Dec. 25
[drawing]
Turba.
Under east of 93
body of old woman on l. side
200 x 70
320° ?.E. 40° W. of N.
[drawing]","","","","","Sammâr","Amanda Ford Spora; Susan Magyarody; Denis Antoine",580,"https://www.flickr.com/photos/25459876@N04/22366479223"
65433,"Tomb: C 94:
Turba.
Under east of 93.
Body of old woman on L side.
200 x 70
320° in 40° W of N.","","","Dec. 25","","Samman","Amanda Ford Spora; Susan Magyarody; Denis Antoine",658,"https://www.flickr.com/photos/25459876@N04/22366479223"
65433,"Tomb
[....] East 93
body of old woman on L. side
200 x 70 
320 degrees [..] 60 degrees W. of N. ","","","25 December 1911-12","C94","Samman","Amanda Ford Spora; Susan Magyarody; Denis Antoine",1401,"https://www.flickr.com/photos/25459876@N04/22366479223"
,,,,,,,,,
,,,,,,,,,
